date,1,2,3,4,5,6,7,8,9,10,11,12,13,14,15,16,17,18,19,20,21,22,23,24,25,26,27,28,29,30,31,32,33,34,35,36,37,38,39,40,41,42,43,44,45,46,47,48,49,50
2026-01-01,2.67321781,0.67313875,0.14,0.14,1.20297465,0.32913616,0.76595156,1.07369782,1.78892534,1.51982574,0.7819856,1.41039478,0.23149793,0.7778708999999999,0.50653044,0.43585353,0.41801533,0.3475063,0.32188827,0.8982265300000001,0.26476726,0.22444329,1.13902473,0.39966676,0.68216167,0.79890467,3.18038039,0.8714229099999999,1.23563206,1.1959862,0.92962088,0.36147817,1.73116421,0.2241918199999999,1.92615987,0.23259924,1.94397204,1.10111686,0.14,0.5829919,1.40494505,0.14,4.45826775,2.5852343,3.41797331,0.73318869,2.68006507,1.17343914,1.26591937,0.53864483
2026-01-02,2.78107969,4.88550278,1.29763133,0.18,0.92657949,0.55973317,0.34693518,1.60258966,2.02923164,1.54100401,0.72743137,2.34008615,0.59428095,0.81147125,0.38471755,0.61983593,0.82489667,0.18,0.41172963,0.67418992,0.51204451,0.34938605,1.05040576,1.08592794,0.70813316,1.17081212,1.4037745300000002,2.0159586,2.16847857,1.68409177,0.81162522,0.6464361399999999,3.55418632,0.8202911700000001,2.41644323,1.34594567,1.60093128,1.13689723,0.18,1.1764486,4.3062547,0.27544527,4.83723895,2.97491312,3.66474773,0.28195074,3.44749864,2.50806838,2.00740971,2.13932856
2026-01-03,5.87553517,1.50643167,2.70515523,1.09824321,2.79383521,0.50212771,1.11796402,1.70716851,3.12783906,2.72074917,1.84684964,7.82530873,1.16070577,2.78073688,1.37987985,1.1028777,1.32527078,0.32265745,0.62651917,1.2458103,2.00079985,0.70678345,1.79495371,0.45709757,1.5863921,6.16589964,1.19819374,2.12707668,2.16669885,2.33789293,1.64385822,2.35593834,1.35429726,2.37239569,1.57714795,0.83707854,3.1251282700000003,3.67625765,0.26,1.85205258,4.55980108,0.73531416,2.27015591,5.35500433,11.31026399,0.35913028,4.63588594,0.5844857,0.56518192,2.2571685
2026-01-04,7.35607908,1.69767172,0.75653398,2.76795479,3.64364041,0.34695626,0.32,4.63689497,4.03365159,5.54958111,1.81439761,8.32935994,1.36608802,1.42099798,1.80373613,2.20159866,1.59058529,2.27147987,1.25511943,0.8009674800000001,1.03960856,2.43104777,0.99547264,0.82451542,1.07433399,7.14200983,1.60959176,5.99641325,4.39769131,2.58497501,1.61646515,4.0707491,5.98919555,4.74110835,5.37746736,0.98154322,2.32596169,4.14414123,0.62471036,4.95197903,6.20932961,2.8487748500000003,7.00674309,8.4600981,11.9480172,0.7253002000000001,4.51225292,1.1015713,3.73979455,6.56584312
2026-01-05,6.93247034,2.54770213,1.31215421,4.58163582,4.98427899,1.36693876,1.63754753,2.97604059,3.344396,4.39582905,2.59541528,4.76683902,2.68216886,4.18051911,3.61075937,2.05293984,3.59761401,2.80486068,4.02629194,1.88276227,2.41683452,1.98376201,1.79562794,2.11011933,3.05230025,9.88418125,3.64152162,4.84414873,4.17487299,4.93493107,3.94063939,3.05833541,5.59852842,5.3179877,3.47807342,1.18900131,2.45427621,3.91626177,0.96,5.92484354,4.09458474,3.73754848,8.32287164,8.00221073,12.38098094,1.2073773,7.93041447,4.46282429,12.89083343,8.0149432
2026-01-06,5.73709677,0.7747534699999999,0.44912683,1.28176705,6.5804454,1.49711898,1.34205452,1.66366721,4.55505543,2.36683329,1.2388075,6.84301942,0.89667984,1.0415612,1.71751964,1.01785355,1.3503233,3.68248648,2.45755757,1.32100061,0.94956804,1.45847617,0.68236387,1.57608317,0.42,4.69047116,1.81895848,3.49913519,3.26470454,2.39327887,2.47807784,1.49864199,4.69994423,2.49386429,1.90762109,1.75063943,1.4379529,3.67738495,0.56941282,1.23594122,4.23265826,2.64696037,6.37019088,5.63232013,11.26654051,0.42,5.2078609,0.56143179,3.17969829,3.16509059
2026-01-07,6.78916433,2.0866831,0.86528508,0.49759646,6.77164595,5.07076026,1.46835468,2.8504572,4.98677079,2.91611387,1.33210624,5.06754678,1.60302914,1.63985658,1.61628099,1.17012829,2.1650989,1.95932032,1.74455454,1.16399254,1.1347676,3.96513792,0.87100252,0.78367256,1.26511046,6.12177017,2.33191591,3.93960569,5.94566823,3.51112808,2.57456392,2.4512854,6.08120685,2.72644684,2.68162294,1.88465011,2.32217807,5.73488318,0.51040317,2.0979368,5.13297678,1.65793493,5.7039546,7.06305456,14.06077446,0.56774944,7.73573377,2.13420188,1.61574865,8.62816826
2026-01-08,2.6899968,1.76112754,0.43683588,0.45589994,3.19505718,1.17868404,0.96309612,1.61104514,2.56155566,1.41413693,0.52763362,3.29568091,0.94689645,0.54875609,1.05961809,1.6606746099999998,2.05782321,0.92901921,1.26334138,1.20767483,1.13835684,2.26403047,0.77597239,0.32825909,1.35138451,3.37642318,2.22054131,1.42116614,4.76096698,4.13870321,0.68782288,2.44721152,6.12505483,1.65421393,2.00954858,0.82206126,1.96365598,2.88913511,0.2,3.2726310400000003,5.45501525,3.85082408,4.49906976,4.36444204,8.57998446,1.7833944000000002,6.55914663,1.67734712,3.50827697,3.11080631
2026-01-09,3.09691982,1.37085179,0.4221679,1.0107515,3.00386359,0.66315992,1.0315283,2.86305872,5.79761554,2.83818342,1.51797868,6.05895582,1.64581864,2.50197711,0.87479416,2.77918402,2.9692584,0.57606578,1.29470799,1.68598105,1.64639759,0.7621313,1.5933639,1.17380184,0.90297568,5.32363421,2.11415194,3.54581254,3.54106574,4.92846551,3.21516465,1.63111174,8.50750376,2.76280179,3.31564794,0.57697449,3.27286779,2.95510102,0.29736744,2.33192277,5.02498473,2.26913797,4.69971352,7.49778424,12.11191843,0.80278399,6.74837757,1.69307517,4.02105305,7.73008551
2026-01-10,4.20112808,1.88150117,0.62979125,1.58364693,1.85688288,1.13353738,0.7607633,2.46553296,6.92960954,1.80116369,1.07324364,3.35364993,1.06126217,1.66288524,1.86479934,1.50183812,1.00128738,2.43707783,1.56877861,1.3505939,1.76062815,1.16018145,1.92388517,1.2838877,0.6263107400000001,3.64510379,1.88751155,2.6887496,4.7650143,2.44373931,3.19681161,1.87745582,4.59831042,2.91133901,3.66133855,0.62989433,2.57348911,5.79553937,0.39096842,3.61828914,4.38788914,0.97140477,6.87259636,7.25651545,9.83265285,0.6491993699999999,12.0709046,1.2345767600000002,1.84365387,5.32318591
2026-01-11,6.34192556,1.83206317,0.92614262,0.81301722,1.46935582,2.12844834,1.01617909,3.38060786,14.93308523,2.12956045,0.79898336,5.21161403,1.84363865,1.14878268,1.33817244,0.98137543,1.98638324,0.5520200200000001,1.20786924,2.27801369,1.93401728,1.24392067,1.41452094,1.85423043,0.32,7.90208207,1.07312453,4.10765943,4.0841392,1.45812658,1.27718525,2.47958035,5.46453151,2.95156153,3.90943773,0.87538626,2.19384587,5.08636087,0.41165442,3.86800477,3.0786874,2.34742431,3.98798536,6.70268817,11.98428637,0.8977731999999999,10.75372997,1.36266784,5.6857139100000005,4.97243548
2026-01-12,8.37275683,4.42347661,1.46090575,0.97764448,2.3620745800000003,2.13939268,2.07492274,4.753247,23.18755072,5.96632421,4.05109928,7.56069972,1.45121182,5.20483291,2.1942348,2.25691825,3.70863573,1.76915539,4.93877945,4.54091413,3.45828152,1.56933542,2.09133097,1.71030201,1.84760225,7.687266409999999,2.26464863,4.33428676,5.4855656,4.28669991,3.805375,1.71915922,3.77840821,4.12333565,8.95857627,1.50818578,3.05574054,6.81248127,0.7739622500000001,5.24253435,7.292689,3.22705224,9.74899851,12.00198902,12.21373639,0.81974821,10.94281441,2.50287081,3.52769817,6.81454844
2026-01-13,6.87985736,4.98369779,1.52134451,1.0801661,3.09893686,2.33586344,1.84303449,5.72258865,8.38782544,10.75422018,2.50820132,5.79646802,1.49769014,1.76433353,2.28780135,2.07155529,3.71622765,0.78,3.47013818,16.94427037,4.440597,1.09992149,1.35724247,2.44885319,1.92680828,5.46954555,1.66866075,5.32404332,4.9203219,5.02348104,7.15991344,1.80724611,5.64811279,4.79242855,7.35202873,2.8946576,6.58367991,3.70092485,0.85635297,3.83099213,6.35237234,8.5436003,6.30462915,11.71879298,10.46150461,1.30239624,10.41553602,3.85971256,5.06026652,11.23115656
2026-01-14,8.31762977,3.81022302,1.42774616,1.13607671,4.57099863,2.32043267,1.69645436,4.37623178,11.16922885,16.7803752,2.19160984,8.40450906,2.59838633,3.31756784,1.6385026,1.84408132,3.86107285,1.06745215,1.71084496,7.251874939999999,4.08667097,1.412834,1.7539986200000002,1.55189978,1.17362255,7.04346823,1.8265037,5.531711909999999,6.1245121000000005,4.58653242,3.77132592,2.33997518,5.05339381,4.97119168,8.15806205,2.22554157,5.39355027,3.51953148,1.83114132,4.29773792,5.93298716,3.18420191,6.71938375,10.47385339,13.97799425,1.15923234,10.99045768,1.88736189,3.80957125,13.720452
2026-01-15,5.85204774,6.17405214,1.8611241,1.15477632,3.19704101,1.40152742,2.2670678,5.55273424,8.27815193,14.4433252,3.26434947,6.37136705,1.41429348,2.07667858,3.87071397,3.18250318,5.38850205,2.44858166,3.45004671,6.82990808,4.7570581,1.31622555,1.39270702,2.53438895,3.44267833,6.29968271,3.10505597,7.08570919,5.23193505,3.80629623,5.26858919,2.38746275,4.29489332,6.35350296,6.4193631700000005,2.18473755,6.12702712,6.04132671,0.64364816,3.45346257,7.64276467,5.16498066,8.30520421,12.23980907,14.26731663,0.52,8.52095287,1.9275854,2.65303013,11.13381341
2026-01-16,6.1471326,2.94840303,0.7867458199999999,0.98168927,7.18539152,1.45431878,0.96389324,4.46001986,4.04715155,10.61115701,6.27614317,5.78027766,2.07556986,1.92836782,1.7679307,1.53699777,2.54879158,1.04213615,2.7285783,3.74403057,2.4710741,0.95371312,1.55794617,0.82673559,1.96201141,7.40418181,1.7887041,5.37856819,4.84975319,2.26269724,3.059421,2.79764078,3.95949667,3.93177599,6.874599,0.99232693,3.44365838,4.54133469,1.40457573,4.12504836,6.4455784,4.26858377,6.39336157,12.40389198,14.08229731,0.97159998,7.88595956,2.14889056,4.08784413,10.71200416
2026-01-17,3.90110534,1.54323875,0.39469229,0.54612743,1.30822313,0.75575399,0.60056831,2.66699843,3.84098938,3.35891733,2.53601205,7.56967614,1.30019174,1.35517879,1.26275696,1.2073444,1.54762413,0.59035291,1.04572402,3.60247905,1.38624802,1.05547625,0.8743032399999999,1.53390439,1.13587534,3.0190718,2.27949062,2.75855993,1.49924508,3.18389313,2.12259894,3.70319065,1.8359666,2.58074033,2.9480229,0.71026383,2.07472854,2.47578108,0.72340224,1.402944,2.46502356,1.30778001,5.14041237,6.33817036,5.10614053,0.14,4.83044586,1.17769753,1.8527779,4.40389038
2026-01-18,2.17360528,1.10000536,0.60684241,1.29080659,2.4945669,1.2923274100000002,0.82458628,2.57091136,3.01283392,1.7092556,1.77584765,7.4227971,1.44972151,2.19658249,0.74897049,1.4807393,1.28956811,0.5,1.31070594,2.02182736,1.14428262,1.02959157,0.82780152,1.87768675,0.70406863,2.23378728,1.81659643,2.58476244,3.99493576,1.17663691,2.07220146,1.47325217,2.15870495,1.88040524,3.60016294,0.6000744100000001,1.4940551,3.7214649,0.5,1.65751773,3.8997191,1.05032379,3.85892868,4.0798013,4.28187898,0.5,6.6686829,0.98879439,1.89893417,3.9524467
2026-01-19,2.02562943,1.44098532,0.24286733,0.24094102,1.02884564,0.70886004,0.5632904200000001,1.91028512,3.45333896,3.07446187,1.50665383,4.38975986,2.60885269,2.28404823,0.82575933,0.44578774,1.03983132,0.45365088,1.31829805,1.66750798,0.74981442,1.15410141,1.15317819,0.27415766,0.37301347,2.53094212,1.71428884,2.29696089,1.77400602,1.50202433,2.86469161,0.59144929,2.41198921,1.39575378,2.42678986,0.99181958,1.24534316,2.88622844,0.85397725,3.89738748,4.99344919,5.07689923,4.46886739,6.67020977,7.28695089,0.81775982,4.22545982,1.5035162,2.80457312,4.83474232
2026-01-20,3.12791952,1.35651992,0.39295324,0.40405108,2.46896085,0.60225971,0.49229194,2.07102089,3.53074485,2.08458605,1.98256438,3.52525206,1.63467081,3.77895739,1.43803821,0.35579918,2.20101838,0.7017049200000001,1.14592588,2.35604183,0.85428374,1.53789411,2.03587409,0.6523152999999999,0.85366985,3.12363394,1.74840584,2.91196699,5.35802548,2.50999986,1.71357424,1.10980395,2.36991318,1.03213868,2.36719052,0.80446648,1.76836073,2.9326809700000003,0.42838619,2.50698115,3.76382826,3.59857739,3.34268692,4.5128558,6.7502848,0.4131678,5.49231916,1.67130879,2.16497989,4.01914476
2026-01-21,2.29092165,2.31254787,0.53357237,0.36527585,1.20605818,1.17486399,0.46110816,1.24611514,2.52305833,1.78994943,1.44396719,3.50610815,1.6535886,7.97850802,4.07587469,1.54820462,1.26070073,1.64317516,1.31445915,1.88984054,1.43485993,0.64859293,0.90280517,0.8744727800000001,0.35492768,1.68424913,0.90101058,4.29241963,3.13948951,2.01233802,2.84323398,2.70770557,5.95866101,1.13859868,1.08076208,0.68949504,1.62594571,2.86985095,0.16,1.94198814,3.58417477,1.82827673,4.21960408,4.29341439,8.9703543,1.68785245,3.22214043,1.55836761,1.86867739,4.28783345
2026-01-22,2.13094971,0.61870611,0.23520541,0.13221853,2.04504304,0.74277945,0.20336838,1.02345394,3.23516295,1.08662597,1.57236099,4.64119012,0.81336401,1.72584357,3.0107012,2.89813692,1.68168051,0.31616354,1.50012387,2.41569436,0.52637797,0.42349542,0.87321532,0.43218758,2.07257584,2.74060331,0.63492461,2.71962303,2.19368468,2.44580204,1.87257428,1.22337254,2.88569378,1.65484307,2.04339893,0.24710745,1.20350797,2.21791702,0.02,2.56976347,2.84129504,1.07552068,4.23052182,5.06097128,6.30847972,0.02,2.3406863,1.29040763,2.0136551000000003,4.78902144
2026-01-23,1.61352046,1.04927629,0.2849352,0.23782738,1.26635211,0.23035869,2.53731981,1.50818696,2.50839808,2.16130369,1.13906536,2.64461579,0.40798229,1.14266994,2.5850370600000003,4.16451201,3.18927653,0.1,0.18603223,1.1689889,0.91715216,0.38560103,0.61438434,0.62006756,2.4548777900000003,1.8351292,0.51309797,2.16570899,3.0933085,2.73795998,1.83895378,1.0140333,2.57161163,1.74867519,2.51347489,0.49941799,1.26729367,1.88294199,0.1,1.16881072,2.77895877,2.14292288,3.99365389,3.93581768,3.06838426,0.18250745,3.03509334,1.96207772,1.11247002,3.71995447
2026-01-24,2.72279482,1.37944206,0.68102468,0.24,1.28601557,0.84516941,0.41832634,1.27053827,3.25386534,2.85854609,0.98618153,2.70712939,1.049012,1.62602262,1.39492675,2.07363641,4.66928358,0.6272619700000001,0.61678245,1.61770623,1.69841983,1.1167198,1.27436934,0.27892577,0.67445644,2.75047039,1.02821692,3.22247539,2.19676777,1.84996385,2.95669722,0.84628675,1.20459232,2.54408121,2.11146205,2.14474303,1.4094624,2.35460251,0.51952804,2.15489046,3.12470398,2.43485031,3.76735961,4.34987184,4.66350003,0.88691307,3.09103271,1.47645749,1.5812100800000002,3.96330373
2026-01-25,1.64069501,0.64138819,0.20426184,0.1,0.26577177,0.1,0.1,1.34091423,1.47245769,0.82570953,0.6268559499999999,1.37989212,0.96424246,0.16172108,0.41645674,0.7782329299999999,0.85362518,0.1,0.1,3.46725172,0.75249384,0.4954390899999999,0.35359402,0.39215348,0.21241227,2.50924776,0.32191439,0.8861300300000001,1.46152265,1.03490015,0.78661486,0.44869397,1.46603749,0.8105576699999999,2.25728907,0.2525351799999999,1.00274368,2.09658202,0.1,0.83122248,2.16752403,0.71643871,3.80927921,3.7200225,7.64669957,0.23702696,2.26308367,0.73264374,1.33238246,1.36333856
2026-01-26,3.78885838,1.09058612,0.3283462,1.29999191,1.26589463,2.16833331,0.5786215299999999,3.36965286,2.45500067,3.11933525,1.50478151,3.64394667,0.7744734600000001,0.6110208,1.03524827,0.89178724,1.5943167,0.67736058,3.03090268,5.75928799,4.97545941,0.7437557100000001,1.15337929,0.64916503,1.16638659,4.80942945,3.35490323,4.64352071,2.97742113,1.35411534,4.45940374,2.18590847,2.61056634,2.10214,4.2256528,0.78335639,1.24409867,3.4154326,0.32053061,2.41688363,6.97278862,1.88589181,7.83829174,7.3463932,6.32135206,0.98640933,2.9865227,0.8752985,2.24230826,3.9654878
2026-01-27,1.88364416,1.36696186,0.45925,0.27238842,1.07766736,1.16852405,0.2862107,1.70527701,2.89614363,1.7242344,1.02515702,3.02834931,1.28764323,1.16500101,1.45035313,0.97646967,1.17783897,0.2269298,1.57971111,3.41509288,3.46945841,4.97270842,0.90469744,1.95799028,1.05923787,5.15370214,0.46144686,2.2371857200000003,1.48915801,1.60648999,2.35372175,1.35507893,2.57814286,2.51072402,2.1091010100000003,0.32569996,0.97990271,1.73925777,0.36357687,1.726307,1.98583943,2.98562846,3.26011375,3.55296886,4.79504158,1.43629745,3.19933464,0.97702404,2.38795689,2.89335933
2026-01-28,4.17736203,3.90496722,0.40281922,0.32077299,2.94989116,0.8913995,0.77134229,1.62377102,3.07649564,3.15846375,1.51488137,4.18890367,1.8382566,0.94332089,5.66479004,0.91681192,0.81335971,0.3980399599999999,1.18873615,1.08182866,3.57745446,6.86725309,7.88787361,1.61046093,1.11217369,4.86902409,0.95694352,3.90562855,3.71390687,2.29277208,3.51131497,1.11565529,2.94988989,3.55278167,2.36225168,1.09932648,0.64214767,4.626194809999999,0.52911692,3.20390251,3.34000866,1.99314863,3.74658176,5.25889552,7.69323172,2.04882716,6.06002415,1.9318989,2.14060627,2.57449084
2026-01-29,6.58749229,2.93808873,0.86722989,1.0653723,1.67438668,1.19573058,1.97754575,3.58917157,4.34302134,2.71189825,2.01395519,5.74141361,3.03288001,2.07119763,2.72635821,1.6067729,2.92238085,0.62283431,3.2397196,2.32869439,3.15946137,2.63708874,7.68934431,5.37917848,1.51058418,5.82329256,2.4364813,4.11041288,2.55103212,1.77633868,2.6463412,1.36722322,1.99811173,3.99405138,3.75279472,1.50375855,3.45824829,5.3801125,1.62124519,4.70490016,6.2262255,2.43944907,5.17646298,6.23870183,11.18830439,0.5666155700000001,6.98129946,0.91526884,2.78036945,5.73115734
2026-01-30,4.75037357,2.48973407,0.5994659800000001,0.65749268,3.48669051,2.29548719,1.2056321,2.75463436,6.11304927,5.577443,1.90713183,9.90807862,3.0671207000000003,1.9051932,2.49291345,2.25793899,3.48213986,1.62195352,6.35192195,2.55972527,2.29473122,2.74591692,2.21008285,4.46024322,3.16996562,6.48057662,3.22540334,4.74671155,3.84401448,2.34196902,1.55051262,1.39641327,4.0808117,2.54115294,5.14520442,1.83274775,1.09990559,4.13465638,0.59187648,3.15272004,9.07248065,4.32297667,9.38359656,7.52761033,14.18016608,2.06584653,7.23139447,1.26302023,3.16908435,7.25408786
2026-01-31,3.70912761,4.78637104,0.99105644,0.93336731,2.53256837,1.59826169,0.35493479,1.67784971,6.03003298,3.60403336,1.56424697,7.84526521,1.95201717,2.10538567,1.91926586,1.77510694,1.83838719,0.46805075,1.57765758,2.73777628,2.20414171,0.8842179,1.02692984,1.29542598,5.1822688900000005,11.4645406,7.00186156,4.6814003,3.20367594,3.20254809,1.71551788,0.6475264000000001,2.06077744,2.92959709,1.71274458,0.80044522,2.77759302,2.23592455,0.90885421,3.5241192100000003,3.75899327,0.47358278,4.06636642,6.57713518,12.03169544,1.37604888,4.61368584,0.34672465,3.18737165,4.10752264
2026-02-01,3.41301285,11.27188371,0.4423499,0.46050569,2.53376734,1.30051949,1.14758924,1.72095936,4.14154264,3.40441902,1.01054564,5.35488859,0.83699305,0.93260366,0.78326994,0.86475746,1.0852186,0.81850549,3.94970014,2.74037987,0.63720887,1.38332325,0.76867371,2.1642721,2.91175325,4.9137166,10.70458737,2.33852958,3.07250899,1.2692918,2.51426579,1.33721708,2.04173447,1.40866637,1.84762668,0.9181065,1.25869123,2.94072097,0.3,2.96629616,2.85175313,0.88998221,4.42700042,6.91200605,11.64962944,0.7547393,5.5094168,0.76929415,3.16923856,3.15633746
2026-02-02,3.2944316,11.55120024,0.8632491,0.90159582,3.18738684,3.2359514,1.49337448,3.37200611,4.80385586,4.12329508,1.1350324,8.21896441,1.50696498,1.40431869,1.24879667,0.92385398,0.96874032,0.90150176,2.92334733,3.58607633,1.5417042,0.96778982,1.01814736,1.465747,3.11824245,7.09394809,14.5473315,4.48331973,5.44934596,2.80213153,1.54192681,1.35905324,1.54724738,2.33472681,3.52814417,0.61440539,1.88811752,2.07233978,0.48936815,5.37252786,4.34397286,1.49781992,6.18769209,13.33122895,11.79933741,0.4274341,4.93286124,2.40882663,3.12795332,4.06336519
2026-02-03,1.93886961,7.38095192,1.57285788,0.75514235,2.15645513,1.5433364,1.17923615,2.59579356,2.36434464,2.33854729,2.1812666,7.5630028,1.69999134,1.05780638,1.04604766,1.25988962,2.24254634,0.49126191,2.8437149,3.22775426,3.0927496800000003,0.51689687,1.54472474,1.33927122,0.45078642,4.76876214,1.40327717,2.11164967,2.08679936,1.89905416,2.77445761,1.15345582,2.73255282,1.42719778,2.74229833,0.67239332,2.96270555,3.41264891,1.00573357,2.3924074,3.84204961,1.65457218,6.61790261,11.71396322,6.486779289999999,0.67287538,3.6544481,1.74879884,2.57001198,4.10995949
2026-02-04,2.79887096,11.55966928,0.70553904,1.40532668,1.66461668,1.03015252,2.26818219,3.60275983,4.51516217,3.0811365,2.14874151,7.01437498,1.48049812,1.54390751,2.4438465,2.78800826,1.64830532,0.46,2.3178150100000003,2.41147801,2.80874637,0.89027696,1.72196711,1.23191699,1.0847611,6.17264896,1.78264801,3.80382677,3.32589835,1.29338105,1.91495701,3.4867586,2.15876208,2.72695672,3.69107202,0.573874,2.31013688,1.76448817,0.8995009700000001,3.08057972,4.29407329,1.55603287,6.04568204,8.91122502,4.66819069,1.71903402,2.95558784,1.77206112,2.97988088,5.48668328
2026-02-05,1.87785491,9.25927235,0.6683671800000001,3.5825315900000003,5.37294299,0.95427268,1.18070012,3.57725862,3.90395345,2.20144272,1.46410697,4.11680867,1.99573648,1.64832169,0.5625610600000001,0.66733299,1.36861656,0.34,0.8520308400000001,1.54200918,2.03589661,1.29575724,1.05452155,0.73996107,1.98165874,3.99489095,1.08563243,1.82981254,3.73531883,1.15078651,4.4978494300000005,1.91837982,3.7958339,1.71782867,3.82614377,1.14378722,1.25046288,3.39627698,0.34,2.86382799,2.94508374,1.2701648,3.60971922,5.64690104,7.30337978,1.63574116,2.25362673,1.11119263,1.486341,2.94710161
2026-02-06,1.16542651,5.86815467,0.58256753,0.92554092,4.13769956,1.57473212,1.38214429,2.73665936,5.1653425,3.29435842,0.76113493,7.1423757100000005,0.97867487,1.38656912,3.54431589,0.9672331,3.23488443,1.90619287,3.09272529,1.58921115,1.115012,1.62788619,1.21581846,0.88530584,1.0560370300000002,4.9615786,2.3745012,1.76717968,5.88935805,0.98317455,1.19214062,0.76028257,2.84123606,2.47808729,2.70677439,1.43253893,1.80547136,2.00740267,0.9173039,4.73509671,4.57311346,2.41189269,5.20938295,9.9377076,5.58617016,0.8411973899999999,3.24766949,1.58124913,2.02723172,3.39625606
2026-02-07,2.39440795,6.67909828,0.69737958,0.91531377,1.53730694,2.26927301,1.0688635,1.92547429,3.3409244,2.11287328,1.09698071,4.98467371,1.10112558,0.63009494,0.56423255,1.7009049200000002,1.79212077,0.28,1.37722822,2.54532526,1.57527975,1.86438755,0.89703689,0.69710686,1.69577559,3.61799074,2.08581248,2.97547919,3.43470414,3.87105049,1.97899412,1.13352654,3.26765603,1.78974227,3.42169273,1.6575225100000002,2.69735193,3.21953486,0.28,2.69420286,3.95238307,1.40778688,5.00685493,8.70617871,5.37688251,0.72483678,4.13099688,3.29321102,2.23397982,6.29844031
2026-02-08,1.14825132,3.3226529,0.4588085,0.20681019,1.00776566,1.09054905,1.12484487,1.44847335,2.2726844,1.64101369,0.86741002,5.54375963,1.08856712,0.5949960599999999,0.38967852,2.77631145,2.23569606,0.08,1.22328358,1.64531113,0.90354965,0.6838329,0.4160433799999999,0.3769517,1.98929309,1.91124741,0.85706798,2.09639345,1.3335328,1.5415157,0.71269249,0.42893734,1.16867843,2.05360552,1.7550152,0.38175473,1.79574816,2.70769331,0.08,1.89507282,2.87798135,2.06263528,5.22574839,7.28900744,7.75075654,0.08,2.39036113,0.57378435,1.21170085,2.28253129
2026-02-09,2.6949473,3.36474317,0.56235403,0.46792623,1.71243857,1.01548354,1.05339831,3.16549863,4.40659904,3.640655,0.45467979,2.20342528,1.20495316,1.53074095,1.18922333,1.5310496,2.0447663,0.853409,4.95303119,1.54505331,1.18849858,0.76818567,0.59173603,0.45753126,2.65103496,1.69270128,1.70167747,2.59362783,3.6867507,1.17863017,1.09972633,0.5384393,2.91624358,2.2799072,2.45031953,0.57240141,1.94671531,3.90438472,0.46828404,1.58366523,3.28168018,1.11048955,4.29607907,4.6031002,6.62037888,0.22,3.13405485,2.5510423,2.44073972,2.87759892
2026-02-10,1.34116891,2.27698554,0.28333719,0.28191811,0.65836304,0.6530671100000001,0.47063241,2.00681924,4.08068536,1.45801283,0.73501985,1.75141012,1.04665217,0.76647325,0.77245558,1.40132575,0.92384416,0.88378361,1.28451826,0.74737515,0.50973241,0.94344886,0.42412052,0.7942365,1.38502528,2.93961525,1.14117742,2.03760934,1.91174184,0.6105094,1.27408066,2.18746247,1.88009072,1.69519158,3.37643289,0.65900937,1.03936343,1.70274757,0.18,2.01064601,2.5826415,2.28524292,2.1704026,5.87711042,4.60172488,0.78130382,1.28575347,1.59101816,2.61887236,2.67984065
2026-02-11,1.1082181,3.81224795,0.51298244,0.38991398,1.01241158,1.21215844,0.60566813,1.30667708,7.05996179,1.44803432,0.9887392,2.05854354,1.10751761,1.07282537,0.99317954,1.01253713,1.3645131700000002,1.71783348,2.02415083,1.74709098,1.38435117,0.73629783,1.00298666,0.38124556,1.97890353,2.72568109,1.00250805,3.51266497,2.30706951,1.47942164,0.89888452,0.6916039500000001,2.28040345,1.07705579,2.52783996,0.83935305,1.01337633,3.86266441,0.78180925,2.34681065,3.10645773,2.01417129,3.1462766,5.74114585,5.12012599,1.21784936,1.68172327,1.21016837,0.8788057,1.49713988
2026-02-12,1.52619076,2.85822371,0.9040148,0.68898386,1.49831416,0.3074701,0.6307764,1.8093382,2.45951129,1.46950894,0.38371735,2.70423245,0.69606365,0.5730259600000001,0.60415941,0.58864816,0.6311047799999999,0.676249,1.25580971,0.92189569,0.60553419,0.76099188,0.60017108,0.38173107,0.26221513,1.02006664,0.67742729,1.64637213,1.81643509,1.18365292,0.25257129,0.71364881,1.23568652,0.50308741,2.26288301,0.98573413,0.87406964,1.66304218,0.28739235,3.18397405,2.91820426,1.51115285,2.83571398,4.22100378,4.64773431,0.29064936,2.56813017,0.35397688,1.24674547,2.30276374
2026-02-13,1.137462,5.82289342,0.35843671,0.94451718,1.7448342,1.45917958,0.88386513,2.94166894,5.26843515,3.79264371,0.43713742,5.52792787,0.41835992,0.815285,1.28964059,1.09832996,1.68013994,0.14,2.14315911,1.49064012,0.67038345,0.82039635,0.9464266,0.85072886,1.62938337,2.62915287,1.74067241,2.12235171,2.66534953,0.5716887,1.06937476,0.59831598,1.31979336,0.7457918699999999,3.22359353,0.34671547,1.7166871099999998,0.98351577,0.51626339,3.48881496,3.28182866,1.57512289,4.54510375,5.21297074,2.72472898,2.38077569,2.21913475,1.0664894900000002,2.82718824,2.11670072
2026-02-14,1.32367357,9.12397419,0.517277,1.26696544,1.06006142,1.45335532,2.15481887,2.04444838,4.26148522,10.20329059,0.76680841,6.42715361,0.6440802,0.88238573,1.29434161,1.0115212,1.40579996,0.43848581,1.39155349,1.69929783,1.15334855,0.89831408,1.14476169,0.99369712,1.21477688,6.42638142,1.46232762,2.15707489,3.04637509,1.17072664,2.02357502,0.7980603,2.84159145,2.42173597,2.25439498,0.77116502,2.14959463,2.22033283,0.85916216,3.56225668,3.01371367,1.83299224,2.8029426600000003,6.48466963,4.49519188,0.54755377,3.68681196,0.87182268,1.33006608,1.99380448
2026-02-15,0.88002992,5.05898427,0.54379239,0.29185388,0.35256126,0.2920268,0.6183140500000001,0.98505349,1.6298018,3.62171144,1.03045026,3.01315355,0.54174946,0.4119759,0.4684732,0.60756071,1.02014558,0.49480385,0.46745906,1.04949273,0.68221003,0.463609,0.33082906,0.9342887,1.26135078,1.47916577,0.93558951,0.54509427,2.18419741,0.96013167,2.41670883,0.38305858,1.0431134599999998,0.36532316,1.40748693,0.4424064,1.42543895,2.88852909,0.28,1.13671414,1.19032417,0.6658833200000001,3.77922508,3.28061917,2.56882749,0.28,2.294093,0.8456718400000001,0.76057693,1.39013967
2026-02-16,1.37420538,3.23109663,0.34670808,0.4671463,0.31974248,0.6678931100000001,0.57513231,1.08276688,1.80190476,2.68828021,2.43395635,4.4704139000000005,1.02618433,0.58497315,0.46052528,0.5777276299999999,0.74572893,0.3147603,0.73452596,1.5038333499999998,0.98293392,1.14440425,0.90558554,0.37093164,0.98025184,2.1247989,1.142525,1.47050775,1.34276686,0.8181189400000001,2.77891287,1.02977011,1.47402091,1.6500979,0.82608015,1.72528805,1.20982826,4.48418564,0.26,1.36934078,1.78433086,2.0728608900000003,3.74787766,4.48737493,3.38107383,7.84099782,2.37667251,2.38540642,0.66104386,1.76450637
2026-02-17,1.54015955,4.9700688,0.6312864,0.83121729,0.23421882,1.40249995,1.46881997,2.438945,1.75679215,3.29781257,4.4058034,7.57938318,0.74097954,0.92092256,0.5006795,0.93039861,1.28922783,0.36408549,1.85589305,1.65063611,0.6741661800000001,1.332196,1.13327127,0.52003988,1.25079561,2.42843463,1.53673555,2.28227573,1.24365993,1.14800886,0.7633902300000001,0.40568311,1.55773289,1.798571,2.0073507,0.3904198,1.54339749,1.74710279,0.1905695,2.5760061,3.81417864,4.25029403,5.68999502,4.72756054,3.33673128,1.17316772,2.47964665,1.06442141,1.16379368,1.960574
2026-02-18,0.88551855,3.96338156,0.34216536,0.66565312,1.45925962,0.60898747,0.37030996,0.73027394,1.35045292,1.0819449,0.48672441,5.51140262,0.282227,0.33926541,0.69715623,0.7351412900000001,0.77793229,0.33948978,0.45681319,0.70615426,0.53828055,0.7357182,0.79445489,0.41999302,0.96983658,1.27253566,1.10838147,0.85431109,0.97038072,1.96482614,1.54527984,0.22,1.55800999,0.6038613199999999,2.87857131,0.50008688,0.77979944,0.82269233,0.93092492,0.96583272,1.09521421,2.13011524,2.13532845,1.28408085,2.747915,0.66003321,3.25474118,1.51147494,0.6083934599999999,1.34867245
2026-02-19,1.24209925,8.38573725,0.56127996,0.60719501,3.5503362700000003,0.98852814,1.4710829,3.1735504,5.097574,1.62737914,0.90074884,14.23157654,4.50160263,1.15761432,1.27168158,1.13871538,0.74823798,0.26,1.4846356,1.40038908,1.14849228,0.6785444,1.18283453,0.80339027,0.5608260700000001,5.93959607,1.51084191,5.82974386,4.55840491,0.8370597200000001,1.93917837,2.16352253,4.31926273,3.22526799,6.11588866,0.52455706,1.89893428,2.17066272,0.26,1.54233622,2.90479264,0.99154508,8.70328407,4.43285417,5.7565552,1.00925403,2.72034842,1.7013826,1.54580697,3.224868
2026-02-20,2.03017342,4.03207631,0.59920132,0.65255364,1.95373331,0.43693736,0.35400713,2.63158097,5.01886358,4.31364506,1.20691181,6.28096849,4.40699449,2.54005128,3.05514503,2.25686506,1.64918711,0.75653952,1.8661007,1.93830535,1.49055811,0.9129319,1.67037915,0.9018137,0.4673036,3.17802984,2.68733213,4.06563536,2.51109667,2.0194797,2.66569848,2.32813956,3.0386572,3.33657103,4.18622056,1.13039763,1.30545273,3.28518401,1.39750237,2.89628029,3.64371678,2.09983626,6.38719271,5.60336365,4.77329836,0.41314808,3.84925055,2.15401034,1.83051717,3.79116123
2026-02-21,1.22084497,4.59750345,0.78999822,0.30415495,1.8714213,0.6401522,1.09282776,1.90763774,2.53268846,2.53698671,0.44301321,2.53348499,0.53858604,3.55589242,2.02488135,0.58188059,0.43364409,0.20058164,1.44031606,0.71877768,1.23723846,0.19164182,0.16,0.41177755,1.0478303999999998,2.75235785,0.87049153,1.62826447,2.23963348,0.92124862,1.86506378,0.37652012,2.04622266,1.19194743,2.17435439,1.13274613,1.20156059,1.13725669,0.42825358,2.55809702,2.23200127,2.64768641,3.47687941,3.62493787,3.82613344,0.16,1.83582726,1.19338326,1.8544245,2.61094618
2026-02-22,0.37940577,3.19874442,0.16529804,0.1,0.99809199,0.1,0.22099682,0.96230032,1.9234666,2.0969471,0.64370481,3.02217356,0.95256531,1.8602151,2.36999354,4.3200676300000005,0.6731213300000001,0.1,0.13012671,0.79199739,0.56479735,0.1,0.4505072599999999,0.4827054899999999,0.35076911,1.8457234,0.47720282,2.82944076,1.77910919,0.41342554,0.6846749599999999,0.85084157,1.57594373,2.47014877,1.72274717,1.03855089,0.62714035,1.30724062,0.1,1.23202668,2.71277443,1.5287715,2.90585597,3.19129713,5.11247023,0.1,2.52763426,0.78523443,2.28309226,2.94065772
2026-02-23,2.08612161,6.90873812,1.28115619,0.47254903,3.27438105,0.56193231,0.99043678,3.08422694,3.50282942,5.06013845,1.4154151,7.29917922,1.0974503,2.37658686,2.17736719,4.70462263,7.8025812,0.42125201,1.77768705,2.63551959,2.69947164,0.85617683,0.94930144,0.89705868,1.58820786,4.44482114,3.30892068,2.07504,4.88614,1.73160222,3.20239717,1.82964868,3.29562767,2.66171429,4.3241987,1.54687282,2.47103821,1.89458638,0.4016876,3.23233208,4.69902409,2.86686094,7.43212136,6.50996064,6.7006862,0.32,3.82106637,2.20508475,2.88488393,4.333297
2026-02-24,1.47962995,6.04662778,0.44301279,1.02626872,4.03499707,1.40791439,0.95204691,3.47459786,6.12541613,5.81269217,1.87668384,7.11596271,4.18528114,2.1876036,2.23449833,2.37407617,4.78546895,0.55086006,2.59473053,1.87798829,2.6102125,1.25826661,0.52015657,0.70372353,1.10894323,6.54466066,0.92323183,4.91813309,4.18319755,1.50177887,2.07110859,1.37262059,3.15573068,2.50805455,4.14472204,0.96780156,1.72930894,2.68501384,0.67856931,3.21617219,4.63688508,3.57718081,7.5515503,7.79288015,5.50595499,0.54447076,4.09222092,3.50823326,4.11201391,5.29084568
2026-02-25,2.34824859,7.76762321,0.89669637,0.76218487,5.67499007,0.94478618,1.06327138,2.80972972,5.1965366600000005,2.52676945,1.16436422,2.77034198,1.42039015,3.09158906,1.0587753,3.12529985,2.57593933,0.69152127,2.77972931,4.20889451,2.71450368,1.29016295,1.95466946,0.93667958,2.45095581,6.50556253,1.277975,6.53525079,4.91479844,2.70387516,2.71411153,3.09870437,3.07754177,3.41648157,3.91496295,0.93100051,3.73596791,2.13380806,2.05085856,4.50068695,6.00930372,5.83285306,7.32554604,6.9066043,5.96559909,1.2882669599999998,6.70898609,1.3259771,2.99242485,5.90819976
2026-02-26,3.04186413,6.46666584,0.53829573,1.07826917,2.79376187,1.16603704,1.23589006,4.80978921,3.8124143,4.86432462,1.42783678,7.76594264,1.15251654,0.88186944,1.12787466,1.11053704,1.98966895,0.794295,1.08304548,6.69312523,7.3764741,1.7214491,1.43458828,1.26502636,0.90910093,4.69690642,3.92513103,6.825962430000001,5.21014435,3.01720672,1.73716255,2.13849715,3.9960104,2.64779737,6.29909695,1.03695589,2.76748656,3.04431203,0.84437834,3.16552001,5.83914605,2.05477432,5.79595897,12.75066119,7.15271855,2.63219971,4.03852081,1.79934441,2.96012677,6.08331835
2026-02-27,1.64034553,8.85731217,1.17421536,0.70642015,1.97415296,0.8039776200000001,2.52454078,3.15826234,5.92607529,3.19074985,2.02286943,4.73342808,1.32578507,1.63360284,2.09440395,6.67421196,3.70022652,2.14428459,1.862731,3.34951285,4.54703742,7.75077451,1.23999864,1.10210499,1.05107474,6.09891691,1.60450844,6.11535366,4.83315353,3.37722243,3.5384411300000003,3.18551238,2.93094201,3.57091695,4.37219199,1.18863598,3.76650747,3.01385372,0.663062,3.86884152,5.67293648,4.14670787,8.83741754,8.54539014,7.02936843,2.93216578,4.64781918,4.99513136,1.83597976,6.04092485
2026-02-28,0.33287811,1.51711558,0.4569825,0.10555592,0.31031659,0.06991777,0.07978662,0.06038807,0.25314867,0.06153157,0.04,0.41329825,0.04,0.04,0.04,0.2311796,0.24561808,0.08571617,0.04,0.57913707,0.62056126,0.04,1.18171117,0.78462568,0.06752518,0.35602588,0.0552904,0.1056385,0.91837769,0.04,0.2257891699999999,0.19494411,2.47354161,0.20850576,0.04,0.04,0.57089931,1.00288096,0.04,0.05413457,0.3105941,0.23479019,0.10515876,0.44187238,0.83299373,0.04,0.64075756,0.04,0.04,0.2908114499999999
2026-03-01,7.57415996,9.80371251,6.18254958,0.90512574,2.45233173,0.84950147,1.03244055,3.62136217,6.08946307,3.48897977,2.03174896,9.99346637,1.93296207,2.25109772,1.36106731,1.75919674,1.63028044,1.62370082,1.19338335,3.03524188,3.64269098,1.29034866,23.23319338,2.72543567,3.39890934,14.50281191,2.68480195,9.02504867,4.12116556,2.33517387,4.00023897,4.25334708,4.85865166,10.88234531,4.30254973,1.1298175,4.1950837100000005,9.10156059,1.07188663,5.75170155,6.52785601,3.20152766,4.30654781,12.15688878,15.18545768,1.01847286,11.16155103,2.23571231,5.65706988,7.23038103
2026-03-02,3.1825276,17.02918917,5.3711468,0.87141436,3.03886881,1.30609169,1.67938431,3.63597095,4.24064687,2.27044763,1.64486162,9.07187062,1.24960361,4.19555615,1.08379733,1.96354494,1.84466141,1.8590916,1.4419104,3.13705507,3.05839656,4.38338986,15.81184869,1.61063132,6.32705066,13.28752834,1.19030778,8.7427895,4.3239222900000005,3.75201143,1.68293204,2.55732939,4.04809488,8.60535997,3.63020815,1.46580805,3.65531628,7.66569367,1.02869946,4.69304748,5.58854127,2.70286365,4.41610832,11.14487291,14.70844953,1.7366957,11.42302304,1.32395543,3.20935063,12.10813259
2026-03-03,2.51430997,4.81291018,13.51187737,0.92122345,4.19064553,1.54230914,2.53819829,3.62932324,4.69823837,3.85001902,3.24994789,8.20647174,1.70316861,3.48364109,1.8653901,1.76382712,2.15874066,1.77777462,2.25118099,3.51397209,2.66082044,3.48653073,8.71072175,1.7676106,9.15974668,13.21230588,2.47466348,10.86489733,6.08877495,3.20217329,1.90175151,4.42240157,5.18923583,11.82085332,5.29009619,1.05049831,2.28169746,6.6605924100000005,1.17495379,4.28561646,7.66242643,3.41085173,5.73310776,13.98099618,12.18952683,2.0456201,9.12955769,2.05167353,1.72619674,8.18093171
2026-03-04,5.21231307,5.58478015,10.09777235,2.16491641,7.14599733,1.2060487800000002,1.0404742,3.39549235,3.9658019,4.10311181,2.08310145,12.97086712,3.8557127,3.94014006,1.52231766,1.72045527,3.96981614,1.75185107,1.63465158,2.86724863,2.58809959,2.94838602,11.55607963,1.53951347,9.15347703,13.64350515,2.62405422,12.03487113,4.26937572,1.18712562,2.32255077,3.17713281,5.57516383,10.39501032,5.25422329,1.2487586,3.14993414,6.60003896,0.44,4.13413376,4.7297218,1.2907695,7.56336826,12.76315752,16.743026,1.21595596,9.00699593,3.14054422,1.65068197,6.82147452
2026-03-05,3.4812592,4.83228689,5.48743996,5.20880068,4.64408226,1.19512803,1.60741156,4.4701046,4.96793326,3.14933636,2.56169917,10.20462759,2.43197922,3.61908416,1.68053535,2.98545421,3.74448655,1.03880232,1.94643572,3.26188448,3.20291382,2.21731813,4.99679018,3.282976,11.81205279,11.95262686,2.51656835,13.72629404,6.12129978,5.095279000000001,3.2489525,2.81078133,5.36055094,12.5190916,6.54477355,4.2175328,4.12360363,5.4679899,1.02650446,4.48205663,4.9782434,1.6166427,5.87592511,10.25900848,13.10199463,0.86030403,10.51544906,3.24277397,2.18241698,7.1225137300000005
2026-03-06,2.21302553,5.40582962,5.58236889,1.19362497,10.48720007,1.94241485,1.75953532,4.17494798,4.94503823,6.87312303,1.13199086,7.19554742,2.11269345,2.8239137800000003,5.97050227,2.75697896,2.572108,1.85760917,1.70902412,3.43014155,2.99827382,1.7303646700000002,6.68755881,1.39653381,5.18517615,17.19513868,5.57794204,10.00126081,8.32888581,2.57662444,2.7222739,3.2969791,7.1413661500000005,10.05188955,7.56649185,1.33352221,3.10717859,7.05329307,1.1092364,4.5318883,7.72648271,3.5225025100000003,5.75203716,11.78307917,12.64371909,0.44,7.50097711,4.8750258,4.21488471,5.81179562
2026-03-07,3.31005673,2.5002976,7.56623528,1.58309896,4.62201278,10.20500461,2.6951797600000003,4.64899162,2.67784827,5.05797146,2.53075449,9.23892054,2.35729765,1.97752004,2.88256949,1.32453193,1.87205764,1.82220198,1.38080486,3.4046474,2.72706107,1.80330685,5.85203856,1.17860633,4.38133933,12.65994002,2.33696861,10.7462407,5.50449326,3.57143868,2.89517168,3.53018261,6.70740101,10.25426436,7.63015659,2.60873761,2.56247276,9.58788165,1.33989085,5.06097427,6.15295286,3.05640422,7.70117697,11.07219482,18.01651016,0.75530796,8.644956819999999,3.57629921,2.65601372,6.77161347
2026-03-08,4.34160839,5.38299909,4.49403833,0.99530763,3.06113351,1.38425811,6.33399232,6.2352118,6.23783445,4.18741424,2.32016267,6.5912440100000005,1.06380051,1.6017595,2.3067064,2.41899929,2.99090839,2.02183139,2.45839495,4.03383123,4.85306025,4.04611575,5.06272834,2.73700446,4.41606731,12.63580688,2.21867239,12.04031199,5.01585841,2.31502816,2.37462604,4.87167614,8.78817658,11.73223596,6.78479853,1.39077513,5.35558712,5.89535008,1.16912055,4.84594372,4.72420922,3.22986235,6.66393357,10.99084432,10.65313777,1.32462418,8.0361532,2.98547942,3.98080586,6.40057018
2026-03-09,3.41612511,2.92630979,4.63361235,0.73719905,5.97372257,0.7092775099999999,0.98502946,11.21229121,6.10111147,2.43676142,2.90748452,8.61012578,1.97151241,4.29031641,1.26869712,2.65678578,3.90050955,1.86484899,3.67445788,3.01885562,1.7997736400000002,1.6532731,4.41955734,2.12386257,3.74915798,10.59497491,3.05056486,6.70323578,6.63559628,3.73819384,4.33952487,2.68513485,6.14095657,7.14138278,13.87617362,1.09369426,3.64231098,9.00969697,1.60090572,4.50887477,5.96008583,3.87197294,6.66645368,15.22515277,12.65027229,0.5,10.29517169,2.60150363,2.3619859,7.06552159
2026-03-10,3.43615075,4.32655556,6.89736423,1.22220883,3.10771317,1.34496476,1.68574644,4.76908741,14.87715514,3.95261825,2.88290237,9.65884303,2.05884194,3.33725907,2.01850784,1.91051461,2.52593994,2.99753882,2.33049646,3.74483454,2.68945177,2.47892987,3.57962394,2.18801506,2.85053557,15.42924909,3.99362302,8.18594504,6.13780765,4.62432294,1.84772616,2.59266493,4.825413559999999,8.68156154,7.66591087,2.61919684,3.27254665,5.70963262,0.90950164,3.85226443,4.67695047,4.23374614,4.25077857,12.1239141,13.32304693,1.89408885,11.34879404,2.95732277,1.67451586,6.29767595
2026-03-11,3.53695669,3.52417593,5.28573691,0.8698419900000001,5.04913921,0.84906518,1.06837976,4.32071826,17.56366984,3.35552159,2.61679495,6.4861914,0.92680008,1.58076048,1.46992264,2.41473683,1.31791488,0.62,0.9790402,1.71643113,1.68520719,1.28400925,6.30534377,2.36607674,6.63735874,15.53802578,2.80492951,9.20202037,5.5774885,2.27301925,2.98041258,4.16684819,8.65057974,12.25782895,10.44490835,1.00424249,2.8868684,6.51471833,0.62,4.5200967,7.57761205,3.49462684,6.27161064,11.93120413,15.91659251,1.59132941,9.26295949,6.08765385,2.78820602,4.80642409
2026-03-12,3.65174253,2.31753819,7.47002418,1.17077434,5.78572447,2.30827752,0.91318919,3.76294517,20.63609679,7.12035151,1.27785379,7.99208779,1.95872999,2.4588381900000003,1.79541423,2.06584247,1.6316261,0.8076154400000001,1.21356986,2.99408491,2.06398892,2.52388178,7.47955222,2.43021057,8.34794763,12.49304598,3.06238767,8.65359006,6.91627527,4.17435637,3.86653825,3.22233639,8.0813483,9.40129636,5.05324148,1.49764659,2.86343162,7.59955621,0.72,6.10511127,6.7407784600000005,2.04042798,6.15208629,10.42460553,12.87436086,0.72,9.20609937,3.78152618,2.33453833,7.83750719
2026-03-13,2.32417385,4.86573865,4.36353944,0.79066038,2.70081074,0.9509103,1.66040595,2.82814198,11.94078425,10.35275861,2.21524017,9.05242008,1.6157625100000002,1.68973649,1.36205538,1.61405485,2.77397159,1.52200082,1.91632127,3.14754187,2.78116211,1.16667319,6.29440196,1.78526204,9.70396319,11.35002849,2.94401981,10.02603386,7.24531359,3.56006297,2.24391554,4.70195053,6.64227783,9.43291438,3.53861785,0.89709047,4.4034319,8.93775172,0.74,3.66418261,9.96418449,2.12522083,7.37165977,11.54104125,16.23182357,1.59469822,6.7664238,2.58828842,6.53700094,11.53357546
2026-03-14,2.65078518,4.95396821,8.27345876,1.54002088,9.58202136,1.12530659,2.1013247,3.65547393,8.57693611,16.58274194,3.34430268,7.34188586,2.60458472,2.41719501,1.95093367,3.00380703,2.09527994,1.47310178,0.7927705,3.78556883,3.2608347,2.27049879,3.53979869,2.0788774,5.83239721,13.4650556,2.73188699,10.38784619,6.37930691,1.6839648,2.73270684,4.67607763,8.17115635,10.17529663,3.87384698,1.16016888,4.21674421,4.11004186,0.60880309,5.16072211,6.18729467,3.40707867,5.80467722,8.79677196,13.77594309,1.39061848,7.97160471,3.50891042,4.8442925500000005,4.94530901
2026-03-15,3.13016524,4.35014273,5.867989,1.41656205,7.45183291,1.02825092,1.57833938,4.38339535,7.00294133,19.902146,3.5308772900000003,6.84093165,1.449323,2.44448939,2.80394091,2.29085018,2.03608588,1.48491262,1.33857379,2.77532439,3.01191591,2.22638673,5.1207502,2.6217133,6.24799781,9.87732359,2.34987008,10.56125452,8.29272195,2.89400391,3.82885578,7.97485812,8.51888775,7.89276929,7.42416387,0.9199152,2.77746121,8.18171302,0.7000000000000001,3.74048591,6.22418578,1.63500364,5.6335734,9.47235146,9.77899614,0.7000000000000001,6.30595197,4.50273004,2.67972717,7.79735828
2026-03-16,4.49277348,2.81346663,4.70839905,1.00475323,9.79167991,2.28211743,1.49892275,3.76695403,10.29721073,8.99440194,8.32505042,6.71150243,2.07365272,3.46901871,1.03201255,1.7882985,5.08703413,2.04570799,3.34979356,3.56182493,2.95157369,1.50913888,3.09721464,1.85581939,3.39393498,11.41292619,2.53165338,10.41197661,5.78024685,1.70632044,1.85497017,2.93254942,6.8715894,10.54839634,6.95193266,0.96478645,2.76389775,9.17198338,0.72810478,6.90272987,5.47549279,2.87450115,5.17736402,10.86980589,13.27624147,1.07157952,8.7786547,5.4635653600000005,2.56055324,6.01592147
2026-03-17,3.32890184,4.36362969,6.52597452,0.95407924,6.06387572,1.2038065,1.4041331,3.06828834,6.94762193,5.36196819,8.30650139,17.52486321,2.35844239,1.85456163,2.13798884,1.79705794,2.36657834,1.41347081,1.20350126,3.22781266,3.99144937,2.25085136,7.54285192,2.01218719,5.5919692,11.62156944,3.5359323,7.07188575,6.7510511300000005,2.33983414,2.9389522,4.76161116,5.45842146,8.11646623,6.08555099,1.36324392,3.70479135,6.48033663,0.86,4.25723012,7.14418521,4.85079194,5.38726608,9.97580894,15.68309064,0.86,8.23273334,4.46051659,4.81698052,6.43938338
2026-03-18,3.46493465,2.20627612,4.9491798,1.1763583,10.79469112,1.40636919,1.84114719,4.51111235,4.88779767,7.02540377,3.06103507,21.98751692,2.51061269,2.32469788,1.40830673,1.56553296,1.19042826,0.6,0.98389387,3.20654797,1.70754104,1.40670461,5.92279623,1.50689808,5.69859141,10.53431574,2.46453774,11.36046181,5.12990847,4.02134348,3.16783109,3.10608098,6.12866275,9.07620502,5.98891615,0.76088806,2.69057686,6.30286649,0.83526965,3.85201457,8.13377334,3.61542973,7.13343133,13.85807573,19.09611235,0.6,5.55533302,2.67858077,3.60541303,4.95959769
2026-03-19,4.13856458,3.23505536,6.05493074,1.37652797,25.35424855,1.50471534,1.42592125,5.17050721,7.32628723,3.78207284,1.78208996,13.35817352,10.54926223,3.03078406,1.38288132,1.21748224,1.38210078,0.54,1.01014819,2.32318572,1.97114705,1.67712297,4.77928608,1.63007382,4.55097483,7.60655339,1.6808815,17.22248831,4.61560506,1.87342565,2.50618402,2.80634153,2.57053645,6.05011115,8.61950622,1.07903264,2.45325388,5.36850447,0.74831792,4.69984775,7.51067732,4.59760627,7.55681826,14.00968048,15.86447589,1.01104233,6.44674545,3.44743379,2.28726572,4.81412083
2026-03-20,2.77528104,3.56128166,4.96216,0.55078274,20.18196803,0.83918598,1.35422551,5.22612688,5.32930536,4.50669318,1.70285341,9.29402451,7.30275139,11.1722566,3.81188861,1.5729073,1.55272051,0.74231614,0.92296322,2.4290947,2.82436403,2.10720234,2.96624109,1.49548921,3.02952549,8.55000671,3.73785529,20.35412548,5.10720979,1.83273636,2.68148742,3.66226336,5.860564,7.34556499,8.91570453,1.6564895,2.74485278,5.04400781,0.74277612,3.14792724,8.8400451,2.27887742,7.51798785,10.96952466,13.87958924,2.16016396,6.3155817,3.9788494,1.82907535,4.63312491
2026-03-21,0.0,0.0,0.0,0.0,0.0,0.0,0.0,0.0,0.22372847,0.0,0.0,0.89581886,0.0,0.23031523,0.56507654,0.0,0.0,0.0,0.0,0.07147634,0.0,0.15682358,0.17282582,0.0,0.0,0.44762514,0.10539028,0.34973357,0.0,0.13419091,0.0,0.0,0.0,0.12901237,0.0,0.0,0.0,0.0,0.0,0.0,0.0,0.0,0.13887197,0.07050986,0.0,0.0,0.0,0.06693621,0.0,0.24166485
2026-03-22,4.34165271,1.76355525,3.37053259,1.78691365,5.07507591,0.93745444,0.92466575,4.45299423,4.50248679,4.00145479,3.4003663,6.48635717,2.18406196,2.9308793,5.24457976,10.49265582,2.36759702,3.87741813,2.21897941,2.49033139,3.72104423,2.06081566,4.57779435,2.04389388,6.71736471,12.08007795,2.47119298,12.31674567,6.43776471,3.40243389,3.46529284,5.78280804,7.28239005,9.91512975,6.30145861,1.40810111,4.53410204,4.83382895,0.66,5.64631675,4.8233463,4.33838679,6.25265408,13.42254193,15.87296583,0.76574182,7.25696094,2.28292562,3.25372102,7.22218743
2026-03-23,2.86805642,3.4432374500000003,5.56714086,1.87229991,4.46223429,0.85164913,1.00574605,3.32397485,3.20518093,5.49307625,2.85224914,7.97245164,2.29020567,1.46407057,2.97759957,4.97193462,16.77277753,1.4422252,2.77599513,2.41284462,3.32978596,1.55748832,4.08930906,3.3132704,8.02544197,10.9164625,2.54380153,8.47813325,7.83041532,2.71149555,3.16846551,3.24067689,6.82158586,5.90481888,3.91990989,1.30939713,3.4600079,4.96562136,0.46,4.13343933,8.25061318,4.50160754,7.55225693,11.43382463,12.27143028,0.7987657,7.36934904,2.5675829500000003,2.49510622,5.5549868700000005
2026-03-24,1.83852642,3.60102768,7.00860693,1.00696704,9.66040636,1.41377994,2.01808828,3.71839677,6.07922252,3.39592658,2.40187627,15.26467091,1.56136187,3.50400226,3.19358808,2.77902336,13.98859157,0.64,1.22713627,4.32344962,3.06405765,2.24266915,4.06534851,1.79908246,5.08711391,11.34366054,1.80550603,12.34726255,6.49263105,5.02763264,2.06829566,2.88573557,5.15178736,8.82208003,5.47638606,1.4207476,3.95991905,7.44695007,0.7517151200000001,4.55035945,6.45595164,2.06764536,9.34345309,7.8863577,11.9036353,1.4057684499999998,7.35807373,4.09067011,2.89415402,4.16070151
2026-03-25,3.11683652,3.72145447,3.54012233,1.31535699,7.95528245,1.77979361,1.07812574,4.19746489,5.35118459,12.13942038,2.25883848,13.03912618,2.46249204,2.53800927,1.47847728,2.59852941,6.00157693,0.82146484,2.32616696,10.72327352,3.69428044,1.39567413,3.82469632,1.78467559,3.712239,10.83492191,2.0555418,7.27857037,5.98714774,3.05051818,2.79244359,4.32092188,8.03133603,6.22670208,6.93688814,2.91239236,4.79512187,5.28585103,1.31808978,4.96899328,6.08450404,3.73821886,5.70746341,15.02638292,13.94820875,1.18272768,6.1632224,2.2772921,3.71034628,5.51163136
2026-03-26,4.56660262,5.03844061,4.95025759,0.84268097,7.26120777,1.34704806,1.39568937,4.46210331,7.63097573,8.74991744,2.13121847,10.47009209,1.72961363,1.85903915,1.54120556,1.86606321,3.29253544,1.58435171,1.99510504,9.31466521,11.87111392,2.09156533,2.12997421,1.22584257,4.77278098,13.0486747,2.25538959,10.28072882,5.42637485,2.5861351,2.25438588,5.69974779,10.32059564,9.20029726,6.0765918,1.38189571,3.8062309,7.82860434,1.55373175,5.13256273,5.40460965,2.0102777400000003,7.80386256,7.77519608,7.88148826,1.8552829,3.52599985,4.52488168,2.41057062,5.83579383
2026-03-27,3.76481203,4.33107551,3.86100687,1.35610557,6.6198457,0.78181547,0.89787204,4.19170629,7.30135162,4.75591132,1.11480868,8.97189032,1.24280783,1.49056326,2.21077332,2.43480453,3.36170225,1.25885593,2.08741296,4.12737776,8.01606031,11.9341876,4.68519031,3.23565696,6.29922853,10.10630442,3.81066295,8.99603788,7.86242544,2.19589247,4.25345339,4.93742284,7.02256809,6.45916923,7.852770459999999,1.51554335,3.52671039,6.17620125,1.75782162,5.54805049,6.20098764,5.76942615,9.40042379,9.64259933,8.79989911,1.2428105399999998,4.85713607,1.50903053,3.30878736,5.91504243
2026-03-28,2.80321951,3.99003495,3.364374,1.31665022,5.52186791,0.74928833,0.93221723,5.07628913,6.24212633,3.80771597,2.18383926,11.75606008,1.34335227,2.28034295,2.65065352,1.25911837,3.62333593,4.69200152,1.54825539,2.52106928,3.58123813,8.46378262,11.60465896,2.72503445,4.91628847,11.30423798,2.49967391,11.29995425,8.25128237,1.41995606,2.92043504,6.03641766,9.97486584,9.87618748,8.03492276,0.7553819,3.12284574,4.0700312,1.39249022,5.8951641200000005,5.73997456,5.32764293,6.08626472,9.09822805,11.70105254,0.44,7.67799689,2.26009345,3.4857622,8.37632318
2026-03-29,3.82168923,3.70914487,6.45979334,1.33002023,4.27026606,0.7492293,1.49687023,4.0054188,6.34178317,5.51674338,1.93415781,8.61807332,2.26125974,2.21931506,3.86673725,1.84681107,3.2586128,2.89059828,1.83813957,3.71802823,4.6580115,3.69761129,13.24248087,11.08519436,4.72322317,10.52701243,2.07943977,9.31986881,5.53340202,1.6449962,1.96837065,11.09879728,10.18441017,9.23017487,5.16317437,1.19858085,4.41625297,3.48907924,0.58,3.9282549,4.76953972,2.4554548,7.04713872,6.92513297,11.61983679,0.58,8.58380518,2.94566385,3.04633896,5.1060616
2026-03-30,4.30158332,4.05049991,8.41381267,0.9005806000000001,7.41956106,1.12694238,0.97124479,3.64389712,9.50457148,8.77551025,2.32847636,6.60919532,1.33909434,4.29245854,1.78345041,1.96975967,2.80397216,1.4327778,1.47473974,4.77002019,4.42129831,2.60632355,5.59755337,11.15637707,4.73037356,13.22830988,4.35403254,11.56343468,7.6977806,2.23293386,3.64259596,4.34116702,10.6385658,10.64069284,3.69882474,1.11187903,4.00756051,8.22819198,1.09287832,4.25883698,6.70758087,1.60720794,5.76215217,8.50642303,11.9290395,0.64,8.20346884,2.75519656,4.22651365,7.5006586
2026-03-31,5.20826135,4.42531302,4.28047716,0.8975622999999999,6.06078418,1.29077042,1.06613134,3.3122714,4.67496933,4.57711288,1.92038616,7.086584,2.74843835,4.52340645,0.8999884100000001,2.10731863,3.21220243,2.16640171,1.88094799,5.21225356,4.53304796,2.1901094000000003,1.72479351,5.83398945,6.38800026,13.21892126,14.43000331,6.05523169,7.30134036,1.49194331,2.32767743,8.30586641,11.61085056,8.40669275,5.3591941400000005,1.92068235,3.90882923,5.30716863,0.94293702,4.20769343,5.90991968,2.55352202,5.99025591,7.73440382,12.15272207,0.90705184,6.82296035,4.19288146,2.80831248,5.91141693
2026-04-01,0.10509266,0.02,0.02,0.02,0.35868637,0.08731617,0.02,0.02,0.0479763,0.14576334,0.06543792,0.48287797,0.02,0.09873699,0.1737218099999999,0.02,0.18535937,0.02,0.15438433,0.02,0.02,0.30721423,0.41885985,0.8727487,0.08008225,0.28394346,0.77157356,0.45697872,0.37984044,0.02,0.28792008,0.46378888,0.24873735,0.52056515,0.02,0.02,0.02,0.02,0.02,0.39617017,0.32579876,0.11382848,0.4528652099999999,0.2741423,0.92899413,0.02,0.5008832400000001,0.52573622,0.25362672,0.89034888
2026-04-02,4.56600141,19.47219506,1.34338789,1.14683288,9.10341221,1.27940394,1.60856412,3.24913329,4.05450081,6.12360413,4.36127802,5.28568843,2.00173496,2.7061388600000003,1.69667689,2.26488853,4.70560762,1.83940509,1.85914007,3.54636395,2.64977112,3.7698806,4.52788292,2.19793692,2.5208509,15.35223533,10.11052617,5.55005659,5.62055052,2.57877522,2.55317236,4.11896645,7.04738238,6.23426106,3.33545044,1.97612523,3.70838683,6.10424059,1.08605411,5.98015295,7.06104633,4.30607494,8.48622348,8.98676239,16.05013186,1.47462107,10.76305133,2.37139605,2.80140413,3.46267152
2026-04-03,3.84896551,5.04484965,4.56431432,1.47935538,6.77929326,1.39235967,3.69338302,2.09210199,5.72770005,5.04036103,1.59568766,10.54306517,2.15340706,2.41308082,3.33310044,1.93203112,3.7170494,4.24802375,2.22985514,5.12785429,2.12082695,3.15307673,4.75163362,2.5598458,3.65698831,13.63202251,2.62901798,14.73154937,5.91588695,4.83464747,3.17659385,5.38710298,8.17348438,9.06016238,6.94115559,0.74681855,2.62228648,8.79527996,0.63474069,3.12909734,8.11118036,2.63323456,9.36852998,10.14858539,14.91599137,0.6715233700000001,6.6733512,3.79145746,4.55819595,5.51989388
2026-04-04,3.0103183,3.5305942,1.50944113,1.52864756,5.27985334,1.48063611,1.30910974,2.15246013,12.09002411,5.61879936,2.8689895400000003,8.44587081,1.87731032,2.8604757,4.11964034,2.35846775,2.53629157,1.63918611,1.21071333,2.8010916,3.03969566,3.62879443,4.57129863,1.46807085,2.23045324,15.85627908,3.19630302,17.63608176,8.06056528,2.53758797,2.73111921,7.59338261,7.88730904,16.22030974,3.54148319,1.26997603,4.1257852,13.19427553,1.06735955,3.79426238,4.89421635,1.95396524,6.17642958,8.10204508,11.76628511,1.92030175,6.41698461,2.63691043,1.87175259,5.38279568
2026-04-05,3.27009291,3.30530606,1.51292238,7.25905818,9.75666288,1.09622222,1.15049895,2.00379207,5.82776782,6.50955367,2.86603411,8.73361451,3.42189645,1.91991322,2.28283935,2.91746069,2.00334793,2.06578433,1.26732034,3.21202394,2.79177084,1.59302452,1.92454828,3.61430693,3.7859978,15.72079481,3.10633985,12.27761985,6.24163121,2.13333128,2.19923898,9.10323998,9.2874772,13.89855876,4.63120267,1.36205553,2.83252747,9.86986748,0.8200000000000001,3.7444426,4.67728705,3.73777822,5.22732668,7.36064838,15.11507643,1.14587627,9.47689816,2.5281205,1.9554892,6.45541108
2026-04-06,5.19004388,5.28487289,1.82606476,2.46819422,10.49094484,2.0123177,1.44851162,2.26478431,5.51932969,6.79158362,2.41253096,8.06890902,2.50350401,5.20912856,1.90824485,2.08593586,2.45567811,1.77173087,1.82427556,5.74285099,4.89784679,3.23348536,6.06095055,2.14489787,4.62148837,13.4622122,3.20043309,8.73684825,7.8383624,1.54112674,6.7788577,8.04038556,8.07111756,8.07708367,1.82001781,1.36739029,4.47083534,5.18180645,1.16521562,4.13015836,5.27919207,3.58280836,5.81292748,5.87007986,14.73788983,3.82694477,9.72872211,1.41457112,3.12808868,5.49881964
2026-04-07,3.74038212,2.49732449,1.47053437,1.09383092,4.38808697,7.20732834,4.14820136,2.89195837,8.41838142,5.73075785,3.60349732,9.96718679,2.68277606,9.52182351,3.93274489,2.69550092,3.35398424,2.08996132,1.56762392,3.37840432,2.84128462,1.53088805,3.48439831,1.3645635,3.65536055,10.22646917,2.26698005,10.86266378,8.43615499,2.46805311,4.9820981600000005,4.76807392,7.59237081,8.35702811,5.40708909,1.71267902,3.53780637,6.58641419,0.88,5.50896481,6.5669714400000005,3.60065628,5.96532782,10.15928833,10.82175846,2.30250396,9.24814587,1.81769648,1.69598801,6.97203307
2026-04-08,3.61608763,2.41995111,2.22075088,1.51875749,5.17576311,2.50383971,11.87926511,4.81110256,11.21632507,6.66347145,2.28027384,10.64082391,1.57980903,2.90084496,2.72686345,1.74134982,1.51630326,2.64073486,1.98598701,1.49152017,2.43526765,1.45631268,2.7031629,1.42460003,4.57148787,7.64701577,2.56984362,8.66061581,5.90370234,1.69512895,2.50710211,5.78310697,12.80935647,8.27364022,3.41020578,1.93007477,2.82628554,3.81365438,1.15111215,4.36610224,10.334707,5.26540613,5.59746968,11.43377643,24.11921109,0.94,13.47726896,1.64833365,3.9858279,5.7303964
2026-04-09,2.7856319,2.79931297,1.34466247,1.10211292,4.72306763,1.85948709,2.05952648,10.97148077,14.39004253,8.18994559,3.56205728,9.30219267,2.25608779,2.38604167,1.62312172,1.59899158,2.64277901,1.51534531,3.01334189,2.42270786,2.88781883,2.78627231,2.63513075,1.48987587,7.199694,15.70266786,3.66988908,7.44922171,8.09775997,2.24781155,1.77114529,9.34024719,13.84725191,11.99052999,3.5501623600000003,1.56084599,3.35109604,4.88890392,0.66,3.37272728,5.94012008,5.12341781,6.97760645,8.00896915,12.36679384,1.15409921,8.03716864,2.81494319,4.42980132,5.10009119
2026-04-10,3.10471993,2.1554036,1.91282468,2.14239274,5.30451934,2.66239899,1.89561413,3.95324238,13.20424542,7.07125931,1.26077716,6.32563298,2.17605899,2.7969106,1.76097824,1.18509504,3.19384537,1.3351739,2.39846919,2.54893301,1.66393489,1.97564124,2.93077164,1.17427325,10.12916274,13.51830392,2.39366472,8.08852215,11.94619826,2.28137585,2.67147107,7.5493253,9.85600341,10.54589561,9.05766162,3.00049379,3.40463718,3.12616189,0.88,3.0481128600000003,7.68817329,2.495056,7.61785573,8.95878038,14.396412,1.07416333,11.38993821,2.32149944,3.45014766,4.97786754
2026-04-11,2.90415831,3.0931145,1.55568878,0.96375399,5.9515160300000005,1.70798964,1.79063751,2.60498029,20.70448585,5.15209276,2.21625441,10.51457431,2.56036362,2.20182454,2.06183436,2.52386609,2.45972137,0.98831288,1.08320601,2.48850013,2.82607364,1.6182429,5.97770457,1.58014856,12.81361162,9.72166599,2.85686901,7.49033646,5.1686694200000005,3.02587258,4.95690069,6.639775,7.81970387,7.82127793,4.8976809,1.08159236,4.04636709,6.8500865300000005,0.78,5.34928043,6.81435214,1.39341087,11.43382055,10.3560953,12.39360456,2.09133944,8.43935658,1.95885137,3.8274818,6.44295236
2026-04-12,2.59179863,1.70491232,1.5167917,1.46455297,3.09470523,1.64729384,2.45904741,4.05115334,21.38072464,4.77980755,4.9270685,12.02239061,1.96158781,2.10660097,5.9889424700000005,1.91192888,3.40932107,1.42116576,1.96820506,2.03564011,2.21125657,2.55630814,3.76517096,1.42527361,11.04999632,8.99987279,2.95553354,3.74488418,6.3182735800000005,3.41831845,2.45100738,6.0521026,8.76785223,6.82565475,7.16020669,1.25621067,2.72776475,4.08600314,0.88,4.91094843,6.36288792,1.89384973,11.61848131,9.04707756,13.08855553,1.14337319,9.59731222,1.69860718,2.15889917,6.3846782
2026-04-13,2.12690563,2.12075766,1.61010135,0.89935114,9.63959363,3.37144078,1.95106495,2.63719378,13.18739908,14.40864969,1.28246193,5.89062625,2.02130575,2.55714095,2.64467179,1.76297047,4.19149159,0.7000000000000001,2.97099549,2.3632732,1.898463,1.50876792,2.2232885,0.94037904,16.6166015,9.71037979,2.35843593,6.37767798,5.76673535,3.10455165,3.169909,9.58381046,14.0906118,6.07930298,5.38704893,1.31775423,2.87437272,5.98116103,0.7000000000000001,4.4546568,5.57036762,2.57188526,9.16260591,7.1796922,10.05637288,2.42630869,8.81202093,2.22827613,2.7184596,4.79270707
2026-04-14,3.61123794,2.6730691,2.77614029,0.91560752,5.3066471,1.52488884,1.19552454,3.9059833,7.77315438,16.3315424,3.29641471,5.71183695,1.82739732,3.06622764,3.77249223,1.20286332,2.71479717,0.89912828,1.88040135,1.25322421,1.55449295,0.77730994,2.2768520100000003,1.22702081,15.43116508,8.25437468,2.44865963,4.12319933,6.96647485,2.61642752,2.74544345,14.61958439,13.41349204,6.99114816,5.62352335,2.32740493,5.43517811,5.12183599,1.15526046,4.78871927,5.57142724,1.76007171,6.225896580000001,12.5316058,12.40584052,1.82690464,6.78013104,2.15492858,2.42066647,5.78638189
2026-04-15,2.70877645,1.25225125,1.23149679,1.25521642,4.57812395,1.55698114,1.72245938,3.28734401,6.13645471,18.99988384,4.835478810000001,11.2508789,2.73897497,4.3423114,2.54218396,2.41583794,2.64495966,0.96237093,1.77649201,1.58871796,1.97033912,1.47358132,2.37384037,1.39279779,14.07754849,8.90813247,4.71713215,5.14235894,6.12576779,4.66954346,4.93071323,9.09501815,11.23198722,7.96178303,4.85177211,2.43535223,1.76177356,5.05777985,0.88786875,4.0666828200000005,5.495281,3.14651146,6.45294872,9.9088978,8.61787493,0.76,9.16622444,3.98261068,3.83443886,5.67624482
2026-04-16,4.62453094,1.16380121,2.19296705,1.70003603,4.60724326,2.37198709,2.95951755,5.58959254,7.73669981,10.12814799,11.20022282,7.3049196,3.64648249,3.33353644,1.77766855,2.59360904,2.68603806,3.75468017,1.66767404,1.71081728,2.52167335,3.19618333,2.6629169900000003,1.55993536,7.55403349,9.78667635,3.49007229,2.91454253,5.24314142,4.11773267,3.10307214,4.80703272,7.18393979,4.93474555,10.43430192,4.34205752,4.80268818,6.4781958600000005,0.94,5.28356369,6.72743224,5.17742199,7.3178333,12.13498874,7.0890195,1.56308904,4.84075606,5.58399935,5.72069981,6.73808272
2026-04-17,1.93212596,2.52702531,1.83129576,1.55464947,9.96895696,2.56842065,3.26215568,3.14472195,11.24555151,5.24085876,8.05389393,23.81754452,3.35203741,3.54554455,1.7423329,1.64878263,2.01645638,1.49543369,2.93918135,2.28459832,3.25573461,1.96670105,2.92351872,1.43134465,7.7066952,7.18921706,2.61968206,8.78883127,9.54503571,3.39194453,2.26581199,6.05235225,10.36353766,5.57807555,6.84215255,1.0286475,4.28288654,5.09968729,1.6239761,3.93069035,8.84540954,4.55821225,5.14867899,8.96536059,9.93499221,1.53010545,5.476196,2.71036091,2.39609383,6.37650002
2026-04-18,2.27556077,2.01597292,1.30215879,1.40230701,7.232244580000001,2.4789344,1.56723846,1.95760732,7.47931442,5.91121099,3.24932888,21.37025555,3.71375345,5.15693619,1.98533446,1.04578791,1.80733204,0.81887137,2.68602663,1.48648272,2.09303329,1.2085438,1.71980391,1.52580846,12.89252239,11.73759941,2.02333242,6.30290376,6.96357406,3.87615309,2.61294652,12.49025881,14.28743618,9.36107755,3.80560843,2.03130043,3.54880977,4.57871394,0.58,3.49450471,6.1985206900000005,2.67531676,6.04359975,5.71677183,10.86808194,0.58,6.1413951,3.04660484,1.58217143,5.07094775
2026-04-19,2.30878711,1.12669489,0.99607697,1.34368138,4.52583803,1.37150422,1.41200593,2.18520009,4.60913404,3.5212767,2.46932878,21.19680895,15.70415851,4.08353091,2.4493354000000003,2.28740722,2.27246555,1.02620863,1.44270412,1.44778089,1.31708294,1.00060901,2.34366353,2.59732444,15.79026983,8.097652440000001,2.28060175,7.71213426,5.61968167,1.65803409,2.86090743,11.83627295,11.31999743,9.136914,3.57740763,1.69105639,2.74642124,7.03203171,0.78,3.28205239,6.2351186400000005,2.12035083,7.76874162,9.86088343,14.91794082,1.14940878,7.29610334,1.36614474,2.22519223,4.600072
2026-04-20,3.22436927,2.5694592,1.79606719,0.77951706,5.17740662,1.69943294,1.88357006,3.34741549,5.02290167,4.66509929,2.1339558,12.38728637,9.43477158,13.43041424,4.28595639,2.0832103,3.10346726,0.8391348200000001,2.14675831,1.77052513,1.7228607,1.37432365,2.83938181,1.93524378,11.74886812,11.69924361,1.91077574,4.70846398,6.18080075,2.30323021,2.53337834,12.05639959,11.42606836,8.95026233,5.01346792,1.04204664,3.43223237,5.40216581,1.18966683,4.79502396,6.50578085,5.29574343,5.05627163,11.01776692,12.39862016,1.30965923,7.25784529,1.85762089,3.16962804,4.08644007
2026-04-21,0.04328156,0.02,0.02,0.02,0.02,0.1503737399999999,0.02,0.05878617,0.14368386,0.02,0.02,0.10937838,0.02,0.40399533,0.28010734,0.11941608,0.02,0.02,0.09187492,0.02,0.53417337,0.20486835,0.02,0.02,0.26426115,0.28964764,0.02,0.06733237,0.89484959,0.0381472,0.03995618,0.47588574,0.37200696,0.6393303499999999,0.07747419,0.3207453,0.0586089999999999,0.39857008,0.02,0.18422297,0.31570529,0.21711531,0.20067224,0.47935679,0.8453705899999999,0.56729965,0.20834224,0.08527663,0.12154554,0.39833789
2026-04-22,3.52769984,1.52970795,1.33540033,1.33882458,5.57566773,1.63191969,1.85785908,2.43936276,3.90125284,3.72400725,2.48786256,11.0494082,2.73454947,3.33749089,10.6669451,16.19953449,5.46596785,1.8850636,2.29438748,1.82891612,2.86155431,1.45798148,2.10742481,2.03056354,9.01193131,14.19039747,2.68562268,5.99477605,12.96598788,3.10464418,3.10922595,5.54587282,8.92093657,5.04700829,3.64706484,1.31610534,2.25079444,4.47824244,0.92,5.20809318,7.97001259,3.34677566,5.33654955,9.35435533,13.20264944,1.33225493,9.71064306,1.69643156,1.59164541,5.79262704
2026-04-23,3.23431723,2.0084025,1.20799779,2.98312787,5.89370396,1.81474624,1.08984486,2.16620868,5.06215975,4.97170158,2.38178663,8.75119948,2.93875765,2.4347567800000003,7.94046771,8.08525062,18.24667551,2.09093203,2.05406852,2.19173891,2.67901272,1.51650993,2.9788851,0.98351401,16.60309352,12.89158187,2.56094986,7.64826249,6.68608565,2.32511079,2.6806835,7.38258369,7.955538339999999,7.78976498,4.04836661,2.50659975,3.49835614,4.19621283,0.66,5.49893662,9.94236771,5.63388007,4.7414465,5.31727717,10.68846742,1.65355292,5.55951274,3.13329883,1.30916172,5.3831422700000005
2026-04-24,0.04,0.04,0.04,0.04,0.04,0.69870778,0.04,0.04,0.16062449,0.04,0.04,0.1748218,0.04,0.04,0.04,0.04,0.4006496499999999,0.04,0.04,0.04,0.04,0.04,0.04,0.04,0.04,0.12635616,0.04,0.11118992,0.14283263,0.22293255,0.04,0.04,0.04,0.12624254,0.04,0.04,0.04,0.04,0.04,0.04,0.29024778,0.16310955,0.42909311,0.09807177,0.76417832,0.04,0.6909419800000001,0.04,0.04,0.04
